iso,phylop_region,phylop_whole,phylop_rel
P22694-4,3.1415385203674817,5.537504974057386,-2.3959664536899044
Q9H0P0-2,4.460487371605693,3.97839772188296,0.4820896497227336
Q8TDQ7-2,5.225333392620087,4.898135425340311,0.32719796727977535
P52209-2,5.35214288760021,4.657486061596992,0.694656826003218
Q9Y316-2,4.343768814809961,5.362751629147238,-1.018982814337277
Q13564-2,3.090291686608301,4.244596005915144,-1.1543043193068434
Q8IWW8-2,2.833020006796966,4.233886570643628,-1.4008665638466624
Q15165-1,1.0315476199445714,3.0590221459782443,-2.027474526033673
Q4JDL3-6,0.45152341366473825,1.6689523026927935,-1.2174288890280551
P08319-2,1.3189332991838456,1.9035978986317499,-0.5846645994479043
Q9BRR6-4,3.663603374174549,3.5615978737501686,0.10200550042438028
Q9NQH7-4,1.1191527681787394,3.5917909535932977,-2.4726381854145583
P16118-2,3.2731063406281087,3.770061146622316,-0.4969548059942075
P15428-2,2.8315301779241757,3.042342595816467,-0.21081241789229122
Q96KP4-2,4.270539994443301,4.200453940274807,0.07008605416849445
O14773-2,2.2213428372279833,3.203954854534381,-0.9826120173063977
Q9UKL6-2,1.5245387367498382,2.4474173429250907,-0.9228786061752525
O75688-2,2.941134623707301,4.77317934685223,-1.8320447231449295
P23368-2,3.19960992156438,3.8085590452075873,-0.6089491236432072
P67812-2,3.61301281553908,4.858331854054854,-1.245319038515774
P45880-2,1.9086944508469768,5.310066372927091,-3.401371922080114
O00154-6,-0.16537536412519233,3.3781213862077557,-3.543496750332948
P34913-2,0.8235321780260904,1.6119267781571571,-0.7883946001310668
P61923-5,4.657745114984173,4.722422817691631,-0.0646777027074581
Q9H0W9-3,4.092219941382314,3.8759036364401944,0.21631630494211995
Q96LA8-2,2.685780836420567,2.0433980548062247,0.6423827816143421
Q9BW91-2,0.8326459322951846,2.7861628015235027,-1.9535168692283182
Q5VYX0-2,2.82249876252966,2.765546672183731,0.05695209034592885
Q9Y5N5-2,3.318658485591245,2.721952877705277,0.5967056078859683
Q8N945-2,2.3637554831022176,2.4566599906249538,-0.09290450752273616
Q96FN4-2,3.5846103102094804,4.201291950785669,-0.6166816405761888
Q9BRF8-2,2.9185053711974414,3.1749578745189164,-0.25645250332147507
Q96CU9-3,0.44831262711779135,2.9408864357430486,-2.492573808625257
Q6NTF7-2,0.01694736851934801,0.16612790009992964,-0.14918053158058164
Q8N145-2,3.5427265808629054,3.3323328008173325,0.21039378004557285
Q9BWS9-3,0.9062040606331007,1.6933772891378107,-0.78717322850471
Q495B1-1,0.16399054417664977,2.2803183487724152,-2.1163278045957656
O60861-2,2.4519836625422347,3.857088543226115,-1.4051048806838802
Q9H237-4,3.881000005536609,4.014781854980517,-0.13378184944390759
Q9BUY7-3,2.0096454486004904,1.9875369303958135,0.022108518204676963
Q16401-2,3.7242031567073877,3.589860296011936,0.13434286069545154
Q15257-3,1.9447664627987964,4.119705023765948,-2.174938560967152
Q5T4B2-2,2.2176699780425175,2.9093674225004995,-0.691697444457982
P54819-2,5.591833385328452,4.059966348430093,1.5318670368983591
Q5VUJ9-3,2.9137169144898842,2.908790350214547,0.004926564275337331
Q6NT32-3,1.3099264428831134,1.5134286187839427,-0.2035021759008293
Q86TS9-2,1.4957027759894572,1.6388141047660096,-0.14311132877655242
Q9BQT8-2,5.08733336130778,3.883046653304566,1.204286708003214
Q9C035-5,-0.16451365370410287,-0.013324741781654584,-0.1511889119224483
Q11206-7,2.5528988717316916,3.1110504493413464,-0.5581515776096548
Q9BUZ4-2,4.643339296250745,4.311072207624882,0.33226708862586296
Q8TD10-2,1.6762876665848485,2.672435637393415,-0.9961479708085665
Q9BY76-3,1.1433763468034623,2.0310664784774026,-0.8876901316739403
Q9NZL9-3,4.326906047466153,3.949148490264342,0.3777575572018108
Q8TBG4-3,3.947933773148586,3.5433416636726194,0.4045921094759666
Q07812-7,1.6520166726782919,1.93285139765875,-0.28083472498045814
Q96LZ7-3,2.037890030956055,2.0354832170122723,0.0024068139437827263
Q9BXI9-3,1.9109914402794341,2.9297223580726715,-1.0187309177932373
Q9H3H1-2,3.7693883389930805,3.2802297051439315,0.4891586338491489
P52564-2,4.239178089927466,4.7279351831109695,-0.48875709318350324
Q8N584-2,2.8932311357076146,4.379614601520542,-1.4863834658129274
Q9UQB9-3,-0.4493499975593295,2.7701982382209476,-3.219548235780277
O15371-2,4.957625718712808,4.9143512549916615,0.043274463721146184
Q9UNH5-4,3.265649648805021,3.5470988742288787,-0.28144922542385764
P52757-8,4.42929116113193,4.408919030414332,0.020372130717597692
P51993-2,0.19852777728293505,0.3853796167398138,-0.18685183945687875
Q53RD9-4,3.1800126122425127,3.140877510097891,0.03913510214462157
Q15084-4,0.337933320303758,4.231952463693413,-3.894019143389655
P57081-2,0.33166666701436043,1.9766073077788564,-1.644940640764496
P46976-2,4.732960774033677,3.986504860489162,0.7464559135445152
P56817-6,4.211983870691009,4.605501355277989,-0.39351748458697955
O95297-3,2.417029890150294,1.86887265954823,0.5481572306020639
Q9NZ43-2,4.423800263384246,3.498850264791894,0.9249499985923517
Q15008-3,4.289540655301668,4.966059243801025,-0.6765185884993574
Q5XG92-7,1.012010519683855,1.0138741273585539,-0.0018636076746989527
P25103-3,2.6139889075086007,3.6578927211244134,-1.0439038136158127
Q4G1C9-2,0.36442256200959416,0.7592151301527025,-0.3947925681431083
Q9Y5N1-6,1.2092935573095565,2.832505326876164,-1.6232117695666077
Q53EZ4-2,2.266543540025348,2.30124128138882,-0.03469774136347192
P15529-14,-0.12894073913770693,-0.3046893242005614,0.17574858506285446
Q7Z4I7-4,4.710969060301253,4.733262214741109,-0.02229315443985591
Q9Y6M0-2,-3.689333322147528,-0.48116076564771276,-3.2081725564998154
O60861-4,2.3930358444164,3.857088543226115,-1.4640526988097147
Q9NXR7-1,4.787116628761093,4.870003638750247,-0.08288700998915388
P17706-2,3.167656515708844,3.7343498240794633,-0.5666933083706192
O75648-5,3.3766939053057117,3.5038406438324823,-0.1271467385267706
P38405-2,4.608443143680624,5.120689533282967,-0.5122463896023426
Q8TAQ9-2,1.2327653428080585,1.3826782577591057,-0.1499129149510472
Q96A29-2,4.271435906059849,3.8831569451346684,0.38827896092518044
P48061-5,4.545055521859063,2.9473138588932075,1.5977416629658556
Q13639-3,1.873193931708552,4.594742444907326,-2.7215485131987744
Q9H492-2,1.5855833390313718,4.610194040141822,-3.0246107011104506
Q7LG56-2,3.9787189475012044,4.42583302618591,-0.4471140786847059
Q9BXN2-2,0.8737354868145649,0.7337045320359603,0.1400309547786046
Q86TP1-7,3.1192792216775116,2.5760468592418126,0.543232362435699
Q9Y2Y0-2,2.7333333265896025,3.9815635049590052,-1.2482301783694028
Q9BYM8-3,1.6603889860385455,2.6547525327284607,-0.9943635466899152
Q7Z7A4-4,3.2021568570212993,3.601764242771424,-0.3996073857501248
Q8IV77-2,2.5375711961324408,2.5390106612407086,-0.0014394651082678678
P53778-2,2.4122666394958894,3.1426343700842603,-0.7303677305883709
O15519-2,1.2920186019224242,1.4730103710135583,-0.180991769091134
P48307-2,1.235388881785588,1.1848618222168201,0.05052705956876791
P15529-3,-0.2821666667476252,-0.3046893242005614,0.02252265745293619
Q9Y6N9-3,2.7056626214578556,3.707111681719763,-1.0014490602619075
P30411-2,0.34911101320836724,1.731544602426003,-1.3824335892176358
Q7Z7A4-5,3.7325665758146993,3.601764242771424,0.13080233304327527
Q9BYC5-2,5.190808558875063,5.1091679829811305,0.0816405758939327
P53779-2,5.8583604399285285,5.548277478622452,0.31008296130607693
Q9UHH9-6,4.307106495319109,4.394281225617964,-0.08717473029885436
O75971-2,1.1760696379966986,1.716728993347522,-0.5406593553508234
P48061-6,4.451333284378052,2.9473138588932075,1.5040194254848442
P56817-4,5.6427061249499095,4.605501355277989,1.0372047696719209
A0PJK1-3,3.4659593829984554,3.127774604628982,0.33818477836947336
O00141-4,3.1343724797753727,5.138516114290763,-2.00414363451539
Q969N2-2,4.403996275018741,3.8596303768385716,0.5443658981801698
Q13477-2,-0.3665104142906312,-0.2237697955005914,-0.1427406187900398
Q86XE5-3,3.8126302577586166,3.3596652670215987,0.4529649907370179
P04278-2,0.9702407570855578,0.970543413833198,-0.00030265674764018424
Q6QEF8-4,4.477090934396241,4.337041842165376,0.14004909223086504
Q9H5X1-2,4.9952054584500685,4.090974136841639,0.9042313216084299
P54750-6,3.852964783540036,3.8962870624035864,-0.043322278863550334
Q8WWZ1-2,0.9035796620078412,1.172861664332387,-0.2692820023245458
Q5T9C9-2,2.3675464607679007,2.665242209408376,-0.29769574864047543
O43852-11,4.964065322163311,4.821382284816065,0.14268303734724608
Q6UX41-3,0.19628836654773787,0.060428295522709105,0.13586007102502878
Q01081-2,6.059533296028773,4.788330132433775,1.2712031635949979
Q9H1R2-3,1.960660848903372,1.9512021474664036,0.009458701436968475
Q7Z5Y7-3,2.086394610588783,3.8556054011434924,-1.7692107905547094
Q14994-15,1.7719932427649856,1.908219573650768,-0.1362263308857825
Q8NFZ5-2,1.0160830527180844,1.6487158777465427,-0.6326328250284583
Q9H6J7-4,2.618567844334443,3.395361709408076,-0.7767938650736332
Q92551-2,4.283307318497277,4.377425493020966,-0.09411817452368876
P31994-2,1.1696000112143035,0.5654702343183624,0.604129776895941
O96013-2,0.867693930283495,3.1268382315447267,-2.259144301261232
Q8N6V9-2,1.1866274626117768,2.409450234404933,-1.2228227717931561
Q9UMX3-2,3.3835139924271527,3.6368807257434588,-0.2533667333163061
Q9NUQ3-2,2.5298028673444475,3.566490047684895,-1.0366871803404476
Q53H12-2,2.7510475262747245,2.7977074454742774,-0.046659919199552924
Q9Y2I2-4,6.104998718664921,4.90176991631736,1.203228802347561
O95084-2,3.21592884905198,3.444493108559344,-0.22856425950736403
Q13568-6,2.250164074731473,2.4950448592980714,-0.24488078456659856
P43351-4,1.8401981573303627,2.1669746254391575,-0.3267764681087948
P57727-3,2.9316802783089497,2.508355050686825,0.4233252276221249
Q9BYG7-5,0.7500410185140721,1.4807665739461944,-0.7307255554321223
Q01081-4,5.533253527786218,4.788330132433775,0.7449233953524423
Q9ULP0-6,4.49853252881927,4.370797390184904,0.1277351386343657
Q8N2I9-3,4.628090336951296,4.895780492995454,-0.267690156044158
Q96B86-3,3.6886470294466207,3.6959298832690117,-0.007282853822391022
Q13426-3,1.4441468731445424,1.9882987699254886,-0.5441518967809462
P61018-2,1.4858333033819993,4.191547915924858,-2.7057146125428586
Q9Y3B7-3,1.8769207491594202,2.608274131380265,-0.7313533822208449
Q14714-3,2.5514989895549314,2.615914274529819,-0.06441528497488758
P35398-4,3.6020283804759723,5.264575117820428,-1.6625467373444556
Q8TBY0-3,2.3590233723682155,3.856175700424391,-1.4971523280561754
P62508-3,5.133884981042834,5.589161703113146,-0.45527672207031245
Q96MF2-3,3.648998268054116,3.6545104541414295,-0.00551218608731352
Q8WVN8-2,5.915404642680743,4.957021703713372,0.9583829389673708
Q9NRP0-2,3.9275333285331726,5.2267584255815,-1.2992250970483274
O14893-2,3.6915555318196613,3.3846402941871094,0.3069152376325519
Q4JDL3-5,1.2965199335593072,1.6689523026927935,-0.3724323691334863
Q5T2T1-2,4.051074013098385,4.079623455827709,-0.02854944272932336
Q9P0V8-2,1.293424379124361,1.141540629291887,0.15188374983247388
P55211-2,2.786476814798303,2.066921913431777,0.7195549013665259
Q92851-6,0.8195659332810697,0.7322800281690128,0.08728590511205692
Q8TC21-2,0.0719396484823107,0.4202486113009973,-0.34830896281868656
Q9H2U2-4,3.6651959265125735,2.8928874830474354,0.7723084434651382
Q8WWU5-5,0.22015646011613285,1.6834795570455325,-1.4633230969293998
Q9Y6N9-4,4.296649143295853,3.707111681719763,0.5895374615760898
Q8TBF2-7,1.1959655647007743,1.2114862400946549,-0.015520675393880579
Q9H9P2-2,2.2286138758532887,3.3663126540271353,-1.1376987781738466
Q96LA5-3,-0.07676208717187351,-0.08277384700627259,0.006011759834399083
Q9NZJ7-2,2.430411764237957,2.8291463086498823,-0.39873454441192546
Q96HS1-2,4.623760260881161,3.465453501172787,1.158306759708374
Q9UNL4-2,4.214555660883586,4.799569033805602,-0.5850133729220159
Q8N4A0-2,3.9042162316316578,3.694743414926144,0.20947281670551376
P04637-3,1.5044878628110723,1.9996946529215645,-0.4952067901104922
O14662-3,4.519025498558845,4.6771137475185265,-0.15808824895968154
Q5TBK1-2,1.8335971042346888,2.1476582640415725,-0.31406115980688365
Q8IUK5-3,2.354367688068535,2.7171284547383876,-0.3627607666698527
Q13286-3,2.672494620008542,2.327499558732598,0.34499506127594426
Q8TDQ1-5,0.23948873537989965,0.0749367153188283,0.16455202006107134
Q7Z2H8-4,3.589807045886798,3.408947349085724,0.18085969680107405
Q8NBW4-3,3.533537276020239,3.7866955219972507,-0.25315824597701164
Q96EZ8-3,2.693333331451175,4.209070150686135,-1.5157368192349603
Q6PCB0-2,1.565579315796544,1.135909196698373,0.4296701190981711
Q86XR7-2,0.9159649111363187,1.2408620384766949,-0.3248971273403761
Q96P71-3,1.2614017266346738,1.7605419305617467,-0.4991402039270729
O95243-6,0.7278129819279855,1.6610790764577588,-0.9332660945297733
P21554-3,4.192288616903467,4.742788591631636,-0.5504999747281687
Q6UY09-5,0.07237255347061756,0.012356769101627621,0.060015784368989945
Q9P0J0-2,0.2583333409080903,1.9740293926533012,-1.715696051745211
Q9Y2G2-2,-0.0523023086044972,-0.05339899727418763,0.0010966886696904266
Q9ULB1-3,5.141561326026927,4.850455261998142,0.291106064028785
Q9NWD8-2,5.141766309860112,4.575977680104583,0.565788629755529
Q5BJH7-3,3.111555536588033,3.186476120770171,-0.07492058418213787
Q96LW4-2,1.9635000030199687,2.4650994537290716,-0.5015994507091028
Q70Z53-2,3.4129544515597496,3.552751937386493,-0.13979748582674345
Q8N6K7-2,2.000936001255729,2.075267746833295,-0.07433174557756583
Q6UX04-2,4.400323778292397,3.899852412061047,0.5004713662313498
P41235-2,3.554499994549486,4.9858330394214345,-1.4313330448719483
Q96LW2-3,2.726573427617674,2.635571871481708,0.09100155613596606
Q8WW01-2,2.396267979938205,1.9377060815129803,0.4585618984252249
P24001-2,-0.6181338420812634,-1.0308182683545621,0.4126844262732987
O75688-3,5.390912803843217,4.77317934685223,0.6177334569909867
Q86YT9-2,0.6800256378662127,0.7923224730859482,-0.11229683521973544
Q9NYN1-3,4.814983315517505,3.0304172607716793,1.784566054745826
O75323-2,5.13264040253886,4.149093436282835,0.983546966256025
Q99504-2,3.422149838805255,3.869776431047373,-0.44762659224211765
Q8IVW4-2,1.7317967927535936,2.23987316400939,-0.5080763712557963
P32119-2,3.8056680005483297,3.7946988874719882,0.010969113076341408
Q9UJU6-3,1.0071764643870147,2.6858132540428823,-1.6786367896558676
Q5VXU1-3,3.679687511486312,5.0966619299768166,-1.4169744184905047
Q2KHT4-6,2.915004203215523,2.666762490554262,0.24824171266126083
Q8N7C4-2,0.13008047950638557,0.2298763613188766,-0.09979588181249102
Q9NPB0-2,0.7066960942511465,1.8779488877954813,-1.1712527935443346
Q9NUL3-3,4.405375598064522,4.416436259412519,-0.011060661347997325
Q9NQ25-7,0.3594960932443344,0.2985937601198487,0.06090233312448573
P28347-2,5.964051607511427,6.033311698988353,-0.06926009147692547
Q68CL5-1,3.254395233756081,3.169767262826558,0.08462797092952279
O96017-6,2.987563494170243,2.6986864726693915,0.2888770215008516
Q8NB15-1,2.2092348076315487,1.848215367493138,0.3610194401384106
Q9H0A6-5,1.8529984579061913,2.03369321720155,-0.18069475929535872
Q8TAQ9-3,-0.06836931505703017,1.3826782577591057,-1.4510475728161358
Q9Y483-3,5.022737318843738,4.767385305816903,0.25535201302683497
Q3ZCU0-2,0.12731434114039966,0.839110030644982,-0.7117956895045824
Q9NNX6-7,0.01195140508101191,-0.0060994894642630955,0.018050894545275007
Q07869-2,4.124247534328683,3.871643013704037,0.2526045206246459
Q9UJU6-5,4.076718233561928,2.6858132540428823,1.3909049795190453
Q6XYB7-2,1.7909946922010642,1.9170352321115902,-0.126040539910526
Q8WTV1-3,0.953000009059906,1.0917681935038155,-0.13876818444390948
Q9NST1-2,-0.0030833504473169646,1.214004860742395,-1.2170882111897119
Q9UI08-5,3.895399660870801,4.021280391103231,-0.12588073023242963
Q8WVV9-2,4.526736172652982,4.281740264192426,0.24499590846055597
Q6XR72-2,1.7439488002752284,1.985683813190483,-0.24173501291525468
O76075-4,2.3816422985726873,2.1856376070726746,0.19600469150001265
Q96G25-3,4.782706030313745,4.509900266420721,0.27280576389302436
Q9BYC9-2,3.28115331113728,2.7189352513928364,0.5622180597444437
Q969M7-5,4.552045836158417,3.9931295011701904,0.5589163349882265
Q9NP84-2,1.1597668510214436,0.952151464251635,0.20761538676980862
Q92731-5,2.4609003956726765,3.1813698387392964,-0.7204694430666199
Q9H410-4,0.7499411752557054,1.3941075635598332,-0.6441663883041279
Q6H3X3-3,-0.5471951254724141,-0.6646086896967623,0.11741356422434823
P10747-4,2.037725406404674,1.6854675882102494,0.3522578181944245
Q13286-6,2.663583271324953,2.327499558732598,0.33608371259235525
Q49AH0-2,2.2511342927282008,2.6635190603354824,-0.4123847676072816
Q9BSF8-2,4.661104389265472,4.572456529822483,0.08864785944298958
Q07817-2,5.222559335556054,3.707773791128385,1.5147855444276686
Q8WUR7-3,2.5163144383680813,2.0128060940609642,0.5035083443071171
Q8NCE0-3,2.1822351913106925,1.6036515324574252,0.5785836588532673
Q8N108-20,4.087465001577542,4.085785792092222,0.0016792094853199657
P52926-2,4.412012784216458,4.004605305527712,0.4074074786887456
Q16775-3,3.1980248409300707,2.8967475453731995,0.3012772955568712
Q96J87-3,3.4790526643520643,4.059148112180524,-0.5800954478284597
Q92731-2,2.4929209278777456,3.1813698387392964,-0.6884489108615508
Q8IZL9-2,2.7531049501301,2.8729621624793835,-0.11985721234928359
Q99755-4,3.8589076091797123,3.3309881820027725,0.5279194271769398
Q8N5N4-2,-0.3697073383065712,-0.08645497743538164,-0.28325236087118955
Q03060-25,3.842674233725216,3.596825013634291,0.24584922009092525
Q02161-4,0.7568863879332283,0.8410891828292694,-0.0842027948960411
O75952-4,0.7950721925276701,0.9739386173780458,-0.17886642485037563
Q04900-3,1.1446428789446752,1.5887282506989266,-0.44408537175425145
Q9BQ16-1,-0.11788888275623322,3.3270990367572377,-3.444987919513471
Q6YI46-3,2.949635229309904,3.145233821026273,-0.19559859171636873
Q5JS13-6,4.447992370544843,4.471007040513982,-0.0230146699691387
P15336-8,5.233164514011961,5.150855779949263,0.08230873406269801
Q96EX2-5,4.315626197107761,3.8301498553219746,0.4854763417857866
Q15004-2,3.4173916835885714,2.876989809793911,0.5404018737946603
P25445-5,0.3854425680718122,0.22846320488207073,0.15697936318974148
Q9Y250-5,2.709445914859953,2.59436085292019,0.11508506193976276
Q9NY12-2,3.35670177066666,4.023387839981322,-0.6666860693146623
Q9C0F1-2,3.373241362868455,2.066518934400562,1.3067224284678929
A6NJ78-4,3.50289480826434,3.036233946038515,0.46666086222582503
Q5FBB7-4,0.8874074177198444,1.0937807518949754,-0.20637333417513093
Q9NQ94-5,5.00356022561409,4.431236989122134,0.5723232364919566
P58340-4,2.2984581747425223,2.8438585501414675,-0.5454003753989451
Q9UPM6-6,3.975893894966939,3.9722683326432926,0.003625562323646303
Q9NZR4-6,2.1122760169289005,1.6864478183247342,0.4258281986041663
Q03060-17,3.4834413021285053,3.596825013634291,-0.11338371150578563
Q9NWS1-2,2.5605136189845132,2.273454359291555,0.2870592596929584
O75190-2,1.7879005538092718,3.052275590241593,-1.264375036432321
P57768-2,4.586739404045141,3.2792878094406577,1.3074515946044833
Q96K19-3,4.6626896242319225,4.28544962705133,0.37723999718059265
P15692-17,5.416144481521567,2.7026421356257853,2.7135023458957814
Q01113-2,0.451742427804592,0.25660502011646036,0.19513740768813165
Q9UBU3-5,0.9745184833812665,1.0699090492851233,-0.09539056590385686
Q01543-3,5.949080718675682,5.03519705045188,0.9138836682238018
Q9Y215-7,3.4121919714755773,3.1927147788143126,0.21947719266126464
Q9BWT1-4,3.6161435854120803,3.242939990938811,0.37320359447326945
Q9H1Q7-2,3.40687896306127,2.1390529493545736,1.2678260137066966
O43464-2,4.040862733630392,2.7474799808011103,1.2933827528292814
Q4JDL3-12,1.6621089241934113,1.6689523026927935,-0.006843378499382213
Q8NCR9-2,0.5068745844348583,0.8937680462510063,-0.3868934618161479
P24855-2,1.7913440889239662,1.804798382032324,-0.013454293108357662
Q5VTD9-2,4.340408460156896,3.2467839353906376,1.0936245247662582
Q8WXD2-2,3.4739179141918846,3.683514502559846,-0.20959658836796136
P40225-3,1.1620600601127244,1.2653238053485967,-0.10326374523587223
Q8WV48-5,0.3706314011423503,0.8584262400329397,-0.48779483889058933
O43670-2,4.966113401328729,5.105001406587488,-0.13888800525875844
P28906-2,2.2166308406387176,0.9619784840006265,1.2546523566380912
Q9BXS6-3,1.3266282281541801,1.3125664634059224,0.01406176474825771
Q92784-3,4.436706353216341,4.46929371696449,-0.0325873637481493
Q8N3Z6-2,1.8472193187770685,1.8770566799956896,-0.029837361218621128
Q9NP74-3,3.03652813446288,2.111316179901797,0.9252119545610831
O43768-7,3.771329023810773,4.631375623469395,-0.8600465996586215
Q96NZ9-3,0.6034999986489614,-0.3558608612219551,0.9593608598709165
Q8N108-17,4.646083303948953,4.085785792092222,0.5602975118567315
Q15011-4,1.6288193321228028,2.618368876505852,-0.9895495443830493
A6NH21-2,2.4382676883173597,2.608756989922164,-0.17048930160480413
Q6PI98-3,4.923773699898291,3.4485948907783603,1.4751788091199307
Q96M27-5,4.286232317669482,3.2051098248485324,1.0811224928209495
P23759-2,4.830653669142802,4.901940216348833,-0.07128654720603045
Q6PDB4-2,-0.654922581396268,-0.5462848892571639,-0.10863769213910413
Q9NVD7-2,4.8315650028557835,4.570523471247565,0.2610415316082184
Q92734-2,5.29013331780831,4.253720466559162,1.036412851249148
Q8N114-4,1.5252361226690736,1.5266271035046943,-0.0013909808356207254
B0YJ81-2,4.7917924428624,3.681856835332003,1.1099356075303972
Q9NW68-2,5.1274248999872984,3.6879071329045496,1.4395177670827488
Q00987-9,4.007381871533211,2.977229343960982,1.0301525275722287
O94763-2,2.4835615896043324,2.971383080210291,-0.4878214906059588
Q86SU0-2,2.783366997751016,2.502246725980541,0.28112027177047505
O43521-11,2.001952948386007,2.3674123299815664,-0.3654593815955596
Q7RTV3-2,3.8003157134854026,3.4436843825190695,0.35663133096633315
P46937-3,5.0803514234192715,4.259039669852656,0.8213117535666159
Q7Z434-3,0.23624290138150003,0.33977311806308247,-0.10353021668158244
Q96FG2-5,2.940346411493342,2.5385286504571756,0.4018177610361664
Q9BSJ6-2,0.15195238095013394,0.8142409495571817,-0.6622885686070478
P19544-6,4.649956212320472,4.66412968981763,-0.014173477497157805
Q6ZN18-2,2.7953571506908963,3.4077110210059884,-0.6123538703150921
Q9Y250-6,2.681740408992762,2.59436085292019,0.08737955607257186
Q86UQ0-2,0.20652360385464638,-0.10272574291210312,0.30924934676674953
Q04743-2,5.58117073850909,4.805270639848666,0.7759000986604239
P36402-9,5.4041901282322256,3.3951589812066567,2.009031147025569
Q6ZU67-3,3.548359569869685,3.5543346303127548,-0.005975060443069946
Q9BRL6-2,0.4111904776876881,2.0111889550722686,-1.5999984773845806
Q9NWB1-3,4.265453322728475,5.228036559071052,-0.962583236342577
Q99932-1,1.2300080359712535,0.4532784774493123,0.7767295585219411
Q15853-2,4.918624947429635,3.021599504252263,1.8970254431773714
Q6NS38-2,3.0269548742711043,2.261859333736373,0.7650955405347313
Q6J272-2,0.7484407023437571,0.5034455054073745,0.2449951969363826
Q96BT3-3,0.9917319750894072,0.9408873677426802,0.05084460734672702
Q70SY1-3,3.2230361868312842,3.2612653187660112,-0.03822913193472699
Q16558-2,2.2433019305777777,2.3894703964863506,-0.1461684659085729
Q969M3-3,5.383022152052986,4.72025785477454,0.6627642972784455
Q86TI4-2,2.3382398592218694,2.341234094611321,-0.0029942353894516494
Q86YL7-4,0.6690259421018393,0.6516362219372056,0.017389720164633693
Q5T0J7-4,1.0013333003122966,0.9997686287791049,0.0015646715331917305
Q9Y3Y4-2,0.5143333381041885,2.7537314851104004,-2.239398147006212
Q9NWB1-4,5.2005283709477395,5.228036559071052,-0.02750818812331257
Q8IYJ0-2,2.9292222031185196,2.5048993719268857,0.42432283119163383
Q92802-2,1.462294127627769,1.5692017715308442,-0.10690764390307517
Q9HCI7-2,5.187579800474879,3.904725824148674,1.2828539763262046
O75414-3,3.3049162899022013,3.2357791864495598,0.06913710345264157
Q86Y33-5,1.2584854620440054,1.2644948266503453,-0.00600936460633994
Q7Z434-4,0.7254926208566151,0.33977311806308247,0.3857195027935327
Q8N720-4,0.7191474660519251,0.7378922561036764,-0.018744790051751226
Q9Y5P3-2,3.956086030847886,2.742770730659691,1.213315300188195
Q9UKS7-7,5.485021745131215,4.68334894529708,0.8016727998341349
P04732-2,1.3425669387194497,1.2328688505207683,0.10969808819868132
Q8NCQ7-3,1.1399973339128529,0.9464943783373392,0.19350295557551367
P49639-3,3.9797989487428245,3.387075943314684,0.5927230054281405
O75177-4,3.9998083361675083,3.9866576269770713,0.013150709190437038
O75952-6,1.5787491618193628,0.9739386173780458,0.604810544441317
O00165-6,1.9793519424639785,1.9705201465486213,0.00883179591535721
