event,alternative_transcripts_group,gene_symbol,species,event_effect_on_domain,canonical_transcript_id,alternative_transcript_id,canonical_junctions,alternative_junctions,domain_id,domain_name,canonical_domain_length,alternative_domain_length,length_change_pct,canonical_domains_number,alternative_domains_number,domain_description
chr5:clu_33577:DAB2,1/2,DAB2,human,non_coding_alternative,ENST00000320816.11,ENST00000515269.5,39394421-39424804,39394421-39418181;39418345-39424804,,,,,,,,
chr15:clu_13951,1/1,ADAM10,human,non_coding_alternative,ENST00000260408.8,ENST00000558733.5,58646204-58665097,58655416-58665097,,,,,,,,
chr1:clu_469,1/2,CRYBG2,human,non_coding_alternative,ENST00000308182.10,ENST00000374211.5,26324310-26328209,26324310-26324790,,,,,,,,
chr7:clu_36845:INHBA,1/3,INHBA,human,non_coding_alternative,ENST00000242208.5,ENST00000464515.1,41690542-41699987;41700517-41703005,41690542-41691189,,,,,,,,
chr17:clu_17548,6/6,RECQL5,human,non_coding_alternative,ENST00000317905.10,ENST00000579739.1,75631668-75651186,75638903-75639022;75639199-75639869,,,,,,,,
chr19:clu_20800,4/5,SIGLEC6,human,non_coding_alternative,ENST00000425629.8,ENST00000474054.1,51520255-51527747;51528253-51529724;51529981-51530437;51530484-51530681,51520255-51527747;51528253-51528369,,,,,,,,
chr2:clu_24469,1/6,EVA1A,human,non_coding_alternative,ENST00000393913.8,ENST00000485891.1,75493609-75518056;75518208-75522365;75522487-75560680,75469370-75518056;75518208-75560680,,,,,,,,
chr2:clu_24469,4/6,EVA1A,human,non_coding_alternative,ENST00000393913.8,ENST00000486696.1,75493609-75518056;75518208-75522365;75522487-75560680,75518208-75522365;75522487-75526112;75526199-75569476,,,,,,,,
chr2:clu_24469,6/6,EVA1A,human,non_coding_alternative,ENST00000393913.8,ENST00000486489.1,75493609-75518056;75518208-75522365;75522487-75560680,75558699-75560680,,,,,,,,
chr19:clu_20922,1/3,RDH13,human,non_coding_alternative,ENST00000415061.8,ENST00000591868.1,55045309-55047387,55042136-55044905,,,,,,,,
chr22:clu_28139,1/3,FBLN1,human,non_coding_alternative,ENST00000327858.11,ENST00000476366.1,45550615-45574511,45550615-45550901,,,,,,,,
chr2:clu_23860,2/3,LRRFIP1,human,non_coding_alternative,ENST00000308482.14,ENST00000478958.5,237760205-237769943;237769992-237772081;237772198-237772866,237769818-237769943;237769992-237772081;237772198-237772866,,,,,,,,
chr2:clu_23860,3/3,LRRFIP1,human,non_coding_alternative,ENST00000308482.14,ENST00000464608.5,237760205-237769943;237769992-237772081;237772198-237772866,237772182-237772866,,,,,,,,
chr1:clu_3384:NBPF8,1/1,NBPF8,human,domain_gain,ENST00000698216.1,XM_047429836.1,120440814-120441278;120452331-120453372,120440814-120441278;120447166-120447630;120452331-120453372,pfam06758,Olduvai,128,184,43.75,2,3,Olduvai domain
chr1:clu_3602,2/2,CHTOP,human,domain_loss,ENST00000368694.8,ENST00000614256.4,153638448-153642246;153642429-153643227;153643364-153645064,153638448-153645064,pfam13865,FoP_C,78,0,100.0,1,0,"Chromatin target of PRMT1 protein, C-terminal; C-terminal duplication domain of Friend of PRMT1"
chr16:clu_15354,1/1,GSE1,human,domain_loss,ENST00000253458.12,XM_047433837.1,85648751-85654278,85648751-85650417,pfam12540,DUF3736,105,0,100.0,1,0,Protein of unknown function (DUF3736); Genetic suppressor element-like
chr10:clu_5321,1/1,ITIH5,human,domain_loss,ENST00000397146.7,XM_011519714.4,7569784-7573142,7572398-7573142,pfam06668,ITI_HC_C,195,0,100.0,1,0,"Inter-alpha-trypsin inhibitor heavy chain, C-terminal; Inter-alpha-trypsin inhibitor heavy chain C-terminus"
chr2:clu_24413,1/1,TIA1,human,domain_loss,ENST00000433529.7,ENST00000454815.6,70216499-70216886,70216499-70216753,pfam00076,RRM,136,50,63.24,2,1,RNA recognition motif domain
chr1:clu_469,2/2,CRYBG2,human,domain_loss,ENST00000308182.10,XM_047423686.1,26324310-26328209,26325117-26328209,pfam00652,Ricin_B_lectin,122,0,100.0,1,0,"Ricin B, lectin domain"
chr1:clu_3880,1/3,PAPPA2,human,domain_loss,ENST00000367662.5,XM_017002024.2,176463418-176555407;176557241-176594524,176463418-176516297;176516429-176555407;176557241-176594524,pfam00066,NL,43,0,100.0,1,0,LNR domain; Domain found in Notch and Lin-12; Notch domain
chr1:clu_3880,2/3,PAPPA2,human,domain_loss,ENST00000367662.5,XM_047427180.1,176463418-176555407;176557241-176594524,176463418-176516297;176537349-176555407;176557241-176594524,pfam00066,NL,43,0,100.0,1,0,LNR domain; Domain found in Notch and Lin-12; Notch domain
chr1:clu_3880,3/3,PAPPA2,human,domain_loss,ENST00000367662.5,XM_017002023.2,176463418-176555407;176557241-176594524,176463418-176537264;176537349-176555407;176557241-176594524,pfam00066,NL,43,0,100.0,1,0,LNR domain; Domain found in Notch and Lin-12; Notch domain
chr1:clu_2948,2/3,UQCRH,human,domain_loss,ENST00000311672.10,ENST00000496387.5,46303820-46309101;46309127-46310155;46310316-46316552,46303820-46309101;46309127-46309897;46310044-46310155;46310316-46316552,pfam02320,UCR_hinge,64,0,100.0,1,0,Ubiquinol-cytochrome C reductase hinge domain; Ubiquinol-cytochrome C reductase hinge protein
chr1:clu_2948,3/3,UQCRH,human,domain_loss,ENST00000311672.10,ENST00000866774.1,46303820-46309101;46309127-46310155;46310316-46316552,46303820-46309101;46309127-46316552,pfam02320,UCR_hinge,64,0,100.0,1,0,Ubiquinol-cytochrome C reductase hinge domain; Ubiquinol-cytochrome C reductase hinge protein
chr2:clu_24738,1/1,RGPD8,human,domain_loss,ENST00000302558.8,XM_005263747.6,112380963-112388024,112384663-112388024,pfam00638,Ran_bind_dom,242,0,100.0,2,0,Ran binding domain
chr2:clu_24738,1/1,RGPD8,human,domain_loss,ENST00000302558.8,XM_005263747.6,112380963-112388024,112384663-112388024,pfam16704,Rab_bind,66,0,100.0,1,0,"Rab binding domain; GCC2, Rab binding domain"
chr9:clu_41641,1/1,SPTLC1,human,domain_loss,ENST00000262554.7,NM_001368272.1,92068098-92080016,92079566-92080016,pfam00155,Aminotransferase_I/II_large,366,0,100.0,1,0,"Aminotransferase, class I/classII, large domain"
chr17:clu_17548,3/6,RECQL5,human,domain_loss,ENST00000317905.10,XM_011525484.2,75631668-75651186,75631668-75638978;75639199-75639869,pfam16124,RecQ_Zn-bd,70,0,100.0,1,0,"ATP-dependent DNA helicase RecQ, zinc-binding domain; RecQ zinc-binding"
chr17:clu_17548,5/6,RECQL5,human,domain_loss,ENST00000317905.10,ENST00000580707.1,75631668-75651186,75631668-75639869,pfam16124,RecQ_Zn-bd,70,0,100.0,1,0,"ATP-dependent DNA helicase RecQ, zinc-binding domain; RecQ zinc-binding"
chr13:clu_10705,1/1,FLT1,human,domain_loss,ENST00000282397.9,ENST00000639477.1,28385031-28389796,28389632-28389796,pfam07679,I-set,88,0,100.0,1,0,Immunoglobulin I-set domain
chr13:clu_10705,1/1,FLT1,human,domain_loss,ENST00000282397.9,ENST00000639477.1,28385031-28389796,28389632-28389796,pfam13927,Ig_3,186,73,60.75,2,1,Immunoglobulin domain
chr17:clu_17877,1/2,RPAIN,human,domain_loss,ENST00000381209.8,ENST00000916148.1,5422829-5425971;5426082-5426236;5426299-5428071;5428211-5432542,5422829-5426236;5426299-5432542,pfam14767,RPA_interact_M,68,0,100.0,1,0,"Replication protein A interacting middle; RPA-interacting protein, central domain"
chr17:clu_17877,1/2,RPAIN,human,domain_loss,ENST00000381209.8,ENST00000916148.1,5422829-5425971;5426082-5426236;5426299-5428071;5428211-5432542,5422829-5426236;5426299-5432542,pfam14768,RPA_interact_C,82,0,100.0,1,0,"RPA-interacting protein, C-terminal domain; Replication protein A interacting C-terminal"
chr17:clu_17877,2/2,RPAIN,human,domain_loss,ENST00000381209.8,ENST00000536255.6,5422829-5425971;5426082-5426236;5426299-5428071;5428211-5432542,5422829-5432542,pfam14768,RPA_interact_C,82,0,100.0,1,0,"RPA-interacting protein, C-terminal domain; Replication protein A interacting C-terminal"
chr16:clu_16108:ENKD1,1/1,ENKD1,human,domain_loss,ENST00000243878.9,XM_024450470.2,67663556-67663657;67663820-67663937;67664062-67664996;67665168-67666071;67666265-67666358,67663556-67663653;67663820-67663937;67664062-67664996;67665168-67666071;67666265-67666358,pfam13864,Enkurin,97,0,100.0,1,0,Enkurin domain; Calmodulin-binding
chr18:clu_19534,1/1,MBD2,human,domain_loss,ENST00000256429.8,ENST00000578272.1,54164700-54166076;54166166-54188874,54164700-54166076;54166166-54187714;54187837-54188874,pfam14048,MBD_C,92,0,100.0,1,0,"Methyl-CpG binding protein 2/3, C-terminal domain; C-terminal domain of methyl-CpG binding protein 2 and 3"
chr18:clu_19534,1/1,MBD2,human,domain_loss,ENST00000256429.8,ENST00000578272.1,54164700-54166076;54166166-54188874,54164700-54166076;54166166-54187714;54187837-54188874,pfam16564,MBDa,70,0,100.0,1,0,"p55-binding region of Methyl-CpG-binding domain proteins MBD; Methyl-CpG-binding domain protein 2/3, p55-binding region"
chr19:clu_20457:PSG1,1/1,PSG1,human,domain_loss,ENST00000436291.7,XM_005259065.4,42868355-42868756;42869034-42871767;42872045-42877913,42868355-42868756;42869034-42877913,pfam07686,IGv,92,0,100.0,1,0,ICOS V-set domain; Immunoglobulin V-set domain; Immunoglobulin V-Type
chr19:clu_20457:PSG1,1/1,PSG1,human,domain_loss,ENST00000436291.7,XM_005259065.4,42868355-42868756;42869034-42871767;42872045-42877913,42868355-42868756;42869034-42877913,pfam13895,Ig_2,79,0,100.0,1,0,Immunoglobulin domain
chr19:clu_20457:PSG1,1/1,PSG1,human,domain_loss,ENST00000436291.7,XM_005259065.4,42868355-42868756;42869034-42871767;42872045-42877913,42868355-42868756;42869034-42877913,pfam13927,Ig_3,146,0,100.0,2,0,Immunoglobulin domain
chr2:clu_24533,1/1,RGPD2,human,domain_loss,ENST00000398146.5,XM_047445737.1,87775083-87782124,87778779-87782124,pfam00638,Ran_bind_dom,242,0,100.0,2,0,Ran binding domain
chr2:clu_24533,1/1,RGPD2,human,domain_loss,ENST00000398146.5,XM_047445737.1,87775083-87782124,87778779-87782124,pfam16704,Rab_bind,63,0,100.0,1,0,"Rab binding domain; GCC2, Rab binding domain"
chr10:clu_5143,1/1,TACC2,human,domain_loss,ENST00000369005.6,XM_024447757.2,122211708-122215391,122211708-122213342;122213377-122215391,pfam17380,DUF5401,517,0,100.0,1,0,Family of unknown function (DUF5401)
chr9:clu_40579,1/1,OSTF1,human,domain_loss,ENST00000346234.7,XM_011518525.4,75137616-75140834;75140932-75146683,75137616-75146683,pfam12796,ANK,93,0,100.0,1,0,Ankyrin repeats (many copies); Ankyrin repeats (3 copies); Repeat_domain; Ankyrin repeat
chr19:clu_20800,1/5,SIGLEC6,human,domain_loss,ENST00000425629.8,XM_047439736.1,51520255-51527747;51528253-51529724;51529981-51530437;51530484-51530681,51520255-51529724;51529981-51530681,pfam00047,ig,73,0,100.0,1,0,Immunoglobulin-like beta-sandwich domain; Immunoglobulin domain
chr19:clu_20800,1/5,SIGLEC6,human,domain_loss,ENST00000425629.8,XM_047439736.1,51520255-51527747;51528253-51529724;51529981-51530437;51530484-51530681,51520255-51529724;51529981-51530681,pfam07679,I-set,83,0,100.0,1,0,Immunoglobulin I-set domain
chr19:clu_20800,2/5,SIGLEC6,human,domain_loss,ENST00000425629.8,XM_011527538.4,51520255-51527747;51528253-51529724;51529981-51530437;51530484-51530681,51520255-51529724;51529981-51530437;51530517-51530681,pfam00047,ig,73,0,100.0,1,0,Immunoglobulin-like beta-sandwich domain; Immunoglobulin domain
chr19:clu_20800,2/5,SIGLEC6,human,domain_loss,ENST00000425629.8,XM_011527538.4,51520255-51527747;51528253-51529724;51529981-51530437;51530484-51530681,51520255-51529724;51529981-51530437;51530517-51530681,pfam07679,I-set,83,0,100.0,1,0,Immunoglobulin I-set domain
chr19:clu_20800,3/5,SIGLEC6,human,domain_loss,ENST00000425629.8,XM_011527539.4,51520255-51527747;51528253-51529724;51529981-51530437;51530484-51530681,51520255-51530681,pfam00047,ig,73,0,100.0,1,0,Immunoglobulin-like beta-sandwich domain; Immunoglobulin domain
chr19:clu_20800,3/5,SIGLEC6,human,domain_loss,ENST00000425629.8,XM_011527539.4,51520255-51527747;51528253-51529724;51529981-51530437;51530484-51530681,51520255-51530681,pfam07679,I-set,83,0,100.0,1,0,Immunoglobulin I-set domain
chr19:clu_20800,5/5,SIGLEC6,human,domain_loss,ENST00000425629.8,XM_047439735.1,51520255-51527747;51528253-51529724;51529981-51530437;51530484-51530681,51528508-51529724;51529981-51530437;51530517-51530681,pfam00047,ig,73,0,100.0,1,0,Immunoglobulin-like beta-sandwich domain; Immunoglobulin domain
chr19:clu_20800,5/5,SIGLEC6,human,domain_loss,ENST00000425629.8,XM_047439735.1,51520255-51527747;51528253-51529724;51529981-51530437;51530484-51530681,51528508-51529724;51529981-51530437;51530517-51530681,pfam07679,I-set,83,0,100.0,1,0,Immunoglobulin I-set domain
chr7:clu_37782,2/2,SCIN,human,domain_loss,ENST00000297029.10,ENST00000519209.5,12581221-12604514,12589573-12604514,pfam00626,Gelsolin-like_dom,74,0,100.0,1,0,Gelsolin-like domain
chr6:clu_36142,1/1,CRYBG1,human,domain_loss,ENST00000633556.3,ENST00000457437.1,106539529-106541586,106541295-106541586,pfam00030,XTALbg,176,94,46.59,2,1,Beta/Gamma crystallin; Beta/gamma crystallins
chr14:clu_12497,1/1,MAX,human,domain_loss,ENST00000358664.9,NM_001407103.1,65076663-65077913;65078036-65093708,65076663-65077328;65077428-65077913;65078036-65093708,pfam00010,HLH,51,0,100.0,1,0,"helix loop helix domain; Myc-type, basic helix-loop-helix (bHLH) domain"
chr7:clu_37463,1/1,PTN,human,domain_loss,ENST00000348225.7,NM_001321386.2,137254974-137343439,137254974-137268324,pfam05196,PTN/MK_N_dom,62,0,100.0,1,0,"Pleiotrophin/Midkine, N-terminal domain"
chr22:clu_28139,2/3,FBLN1,human,domain_loss,ENST00000327858.11,ENST00000402984.7,45550615-45574511,45550615-45562912,pfam07645,EGF_CA,35,0,100.0,1,0,Calcium-binding EGF domain; NOTCH1 EGF-like calcium-binding domain
chr22:clu_28139,3/3,FBLN1,human,domain_loss,ENST00000327858.11,ENST00000442170.6,45550615-45574511,45550615-45564884,pfam22914,Fibulin_C,107,0,100.0,1,0,"Fibulin, C-terminal Ig-like domain"
chr2:clu_24784,1/3,LIMS2,human,domain_loss,ENST00000355119.9,XM_047444976.1,127643072-127654424;127654896-127657403;127657562-127675014,127643072-127648037,pfam00412,LIM,165,0,100.0,3,0,"Zinc finger, LIM-type; LIM domain; Zinc-binding domain present in Lin-11, Isl-1, Mec-3"
chr2:clu_24784,2/3,LIMS2,human,domain_loss,ENST00000355119.9,XM_006712628.4,127643072-127654424;127654896-127657403;127657562-127675014,127653225-127654424;127654896-127657403,pfam00412,LIM,165,0,100.0,3,0,"Zinc finger, LIM-type; LIM domain; Zinc-binding domain present in Lin-11, Isl-1, Mec-3"
chr10:clu_5883,1/5,MRPL43,human,longer_domain,ENST00000318364.13,NM_001394981.1,100986975-100987090;100987196-100987313,100983817-100983948;100984074-100986749;100986975-100987090;100987196-100987313,pfam05047,L51_S25_CI-B8,51,70,37.25,1,1,Mitochondrial ribosomal protein L51 / S25 / CI-B8 domain; Ribosomal protein/NADH dehydrogenase domain
chr1:clu_3880,1/3,PAPPA2,human,longer_domain,ENST00000367662.5,XM_017002024.2,176463418-176555407;176557241-176594524,176463418-176516297;176516429-176555407;176557241-176594524,pfam05572,Peptidase_M43,152,198,30.26,1,1,"Peptidase M43, pregnancy-associated plasma-A; Zinc-dependent metalloprotease, pappalysin_like subfamily. The pregnancy-associated plasma protein A (PAPP-A or pappalysin-1) cleaves insulin-like growth factor-binding proteins 4 and 5, thereby promoting cell growth by releasing bound growth factor"
chr1:clu_3880,2/3,PAPPA2,human,longer_domain,ENST00000367662.5,XM_047427180.1,176463418-176555407;176557241-176594524,176463418-176516297;176537349-176555407;176557241-176594524,pfam05572,Peptidase_M43,152,198,30.26,1,1,"Peptidase M43, pregnancy-associated plasma-A; Zinc-dependent metalloprotease, pappalysin_like subfamily. The pregnancy-associated plasma protein A (PAPP-A or pappalysin-1) cleaves insulin-like growth factor-binding proteins 4 and 5, thereby promoting cell growth by releasing bound growth factor"
chr1:clu_3880,3/3,PAPPA2,human,longer_domain,ENST00000367662.5,XM_017002023.2,176463418-176555407;176557241-176594524,176463418-176537264;176537349-176555407;176557241-176594524,pfam05572,Peptidase_M43,152,198,30.26,1,1,"Peptidase M43, pregnancy-associated plasma-A; Zinc-dependent metalloprotease, pappalysin_like subfamily. The pregnancy-associated plasma protein A (PAPP-A or pappalysin-1) cleaves insulin-like growth factor-binding proteins 4 and 5, thereby promoting cell growth by releasing bound growth factor"
chr19:clu_20630,1/2,ERCC1,human,longer_domain,ENST00000300853.8,NM_001369408.1,45421393-45423270;45423381-45423781,45421393-45423270;45423381-45423823,pfam03834,ERCC1_C-like,114,128,12.28,1,1,"ERCC1-like, central domain; Central domain of ERCC1"
chr22:clu_28139,3/3,FBLN1,human,longer_domain,ENST00000327858.11,ENST00000442170.6,45550615-45574511,45550615-45564884,pfam00008,EGF,92,100,8.7,2,2,Epidermal growth factor-like domain; EGF-like domain
chr17:clu_17548,2/6,RECQL5,human,shorter_domain,ENST00000317905.10,XM_005257822.5,75631668-75651186,75631668-75633459;75635878-75639022,pfam16124,RecQ_Zn-bd,70,26,62.86,1,1,"ATP-dependent DNA helicase RecQ, zinc-binding domain; RecQ zinc-binding"
chr17:clu_17548,1/6,RECQL5,human,shorter_domain,ENST00000317905.10,XM_047437087.1,75631668-75651186,75631668-75633271;75639199-75639869,pfam16124,RecQ_Zn-bd,70,28,60.0,1,1,"ATP-dependent DNA helicase RecQ, zinc-binding domain; RecQ zinc-binding"
chr17:clu_17548,4/6,RECQL5,human,shorter_domain,ENST00000317905.10,XM_011525485.3,75631668-75651186,75631668-75639022;75639199-75639869,pfam16124,RecQ_Zn-bd,70,29,58.57,1,1,"ATP-dependent DNA helicase RecQ, zinc-binding domain; RecQ zinc-binding"
chr1:clu_3602,1/2,CHTOP,human,shorter_domain,ENST00000368694.8,XM_017000993.2,153638448-153642246;153642429-153643227;153643364-153645064,153638448-153642243;153642429-153645064,pfam13865,FoP_C,78,36,53.85,1,1,"Chromatin target of PRMT1 protein, C-terminal; C-terminal duplication domain of Friend of PRMT1"
chr13:clu_10704,1/1,FLT1,human,shorter_domain,ENST00000282397.9,ENST00000541932.5,28357685-28384885,28368663-28384885,pfam07679,I-set,88,48,45.45,1,1,Immunoglobulin I-set domain
chr11:clu_7574,1/2,LARGE2,human,shorter_domain,ENST00000401752.6,ENST00000926379.1,45927593-45927920;45928069-45928177;45928372-45928630,45927593-45927749;45928069-45928177;45928372-45928585,pfam13896,Glyco_transf_49,234,135,42.31,1,1,Glycosyl-transferase for dystroglycan
chr11:clu_7574,2/2,LARGE2,human,shorter_domain,ENST00000401752.6,XM_011519891.2,45927593-45927920;45928069-45928177;45928372-45928630,45927593-45927920;45928069-45928630,pfam13896,Glyco_transf_49,234,154,34.19,1,1,Glycosyl-transferase for dystroglycan
chr17:clu_17877,2/2,RPAIN,human,shorter_domain,ENST00000381209.8,ENST00000536255.6,5422829-5425971;5426082-5426236;5426299-5428071;5428211-5432542,5422829-5432542,pfam14767,RPA_interact_M,68,45,33.82,1,1,"Replication protein A interacting middle; RPA-interacting protein, central domain"
chr7:clu_37782,1/2,SCIN,human,shorter_domain,ENST00000297029.10,ENST00000518849.1,12581221-12604514,12589573-12596270;12596426-12604514,pfam00626,Gelsolin-like_dom,74,49,33.78,1,1,Gelsolin-like domain
chr22:clu_28139,2/3,FBLN1,human,shorter_domain,ENST00000327858.11,ENST00000402984.7,45550615-45574511,45550615-45562912,pfam22914,Fibulin_C,107,96,10.28,1,1,"Fibulin, C-terminal Ig-like domain"
chr22:clu_28139,2/3,FBLN1,human,shorter_domain,ENST00000327858.11,ENST00000402984.7,45550615-45574511,45550615-45562912,pfam00008,EGF,92,83,9.78,2,2,Epidermal growth factor-like domain; EGF-like domain
chr19:clu_21279,1/1,DNM2,human,shorter_domain,ENST00000389253.9,ENST00000957427.1,10805967-10808569;10808580-10812264,10805967-10812264,pfam01031,Dynamin_M,288,270,6.25,1,1,Dynamin central region; Dynamin stalk domain
chr19:clu_20630,2/2,ERCC1,human,no_domain_change,ENST00000300853.8,ENST00000917574.1,45421393-45423270;45423381-45423781,45421393-45423270;45423381-45449173;45449244-45450641,pfam03834,ERCC1_C-like,114,114,0.0,1,1,"ERCC1-like, central domain; Central domain of ERCC1"
chr1:clu_469,2/2,CRYBG2,human,no_domain_change,ENST00000308182.10,XM_047423686.1,26324310-26328209,26325117-26328209,pfam00030,XTALbg,81,81,0.0,1,1,Beta/Gamma crystallin; Beta/gamma crystallins
chr1:clu_3880,1/3,PAPPA2,human,no_domain_change,ENST00000367662.5,XM_017002024.2,176463418-176555407;176557241-176594524,176463418-176516297;176516429-176555407;176557241-176594524,pfam13385,Laminin_G_3,156,156,0.0,1,1,Concanavalin A-like lectin/glucanases superfamily
chr1:clu_3880,2/3,PAPPA2,human,no_domain_change,ENST00000367662.5,XM_047427180.1,176463418-176555407;176557241-176594524,176463418-176516297;176537349-176555407;176557241-176594524,pfam13385,Laminin_G_3,156,156,0.0,1,1,Concanavalin A-like lectin/glucanases superfamily
chr1:clu_3880,3/3,PAPPA2,human,no_domain_change,ENST00000367662.5,XM_017002023.2,176463418-176555407;176557241-176594524,176463418-176537264;176537349-176555407;176557241-176594524,pfam13385,Laminin_G_3,156,156,0.0,1,1,Concanavalin A-like lectin/glucanases superfamily
chr1:clu_2948,1/3,UQCRH,human,no_domain_change,ENST00000311672.10,ENST00000851050.1,46303820-46309101;46309127-46310155;46310316-46316552,46303820-46310155;46310316-46316552,pfam02320,UCR_hinge,64,64,0.0,1,1,Ubiquinol-cytochrome C reductase hinge domain; Ubiquinol-cytochrome C reductase hinge protein
chr8:clu_39290,1/1,ENPP2,human,no_domain_change,ENST00000075322.11,ENST00000874341.1,119570841-119580116,119570841-119572176;119572250-119580116,pfam01223,Endonuclease_NS,233,233,0.0,1,1,DNA/RNA non-specific endonuclease/pyrophosphatase/phosphodiesterase domain
chr7:clu_36845:INHBA,2/3,INHBA,human,no_domain_change,ENST00000242208.5,ENST00000947878.1,41690542-41699987;41700517-41703005,41690542-41699987;41700517-41704729,pfam00019,TGF-b_C,105,105,0.0,1,1,"Transforming growth factor-beta, C-terminal; Transforming growth factor beta like domain"
chr7:clu_36845:INHBA,2/3,INHBA,human,no_domain_change,ENST00000242208.5,ENST00000947878.1,41690542-41699987;41700517-41703005,41690542-41699987;41700517-41704729,pfam00688,TGFb_propeptide,239,239,0.0,1,1,"TGF-beta propeptide; TGF-beta, propeptide"
chr7:clu_36845:INHBA,3/3,INHBA,human,no_domain_change,ENST00000242208.5,ENST00000947876.1,41690542-41699987;41700517-41703005,41690542-41699987;41700517-41705284,pfam00019,TGF-b_C,105,105,0.0,1,1,"Transforming growth factor-beta, C-terminal; Transforming growth factor beta like domain"
chr7:clu_36845:INHBA,3/3,INHBA,human,no_domain_change,ENST00000242208.5,ENST00000947876.1,41690542-41699987;41700517-41703005,41690542-41699987;41700517-41705284,pfam00688,TGFb_propeptide,239,239,0.0,1,1,"TGF-beta propeptide; TGF-beta, propeptide"
chr13:clu_10705,1/1,FLT1,human,no_domain_change,ENST00000282397.9,ENST00000639477.1,28385031-28389796,28389632-28389796,pfam22971,VEGFR1-3_5th,131,131,0.0,1,1,"VEGFR1-3, fifth immunoglobulin-like domain"
chr11:clu_7040:CARD16,1/1,CARD16,human,no_domain_change,ENST00000673097.2,ENST00000672037.2,105041719-105043483;105043545-105044392,105041719-105044392,pfam00619,CARD,86,86,0.0,1,1,CARD domain; Caspase recruitment domain
chr6:clu_35453,1/2,DSP,human,no_domain_change,ENST00000379802.8,ENST00000418664.3,7578562-7579275;7581569-7582642,7578562-7579275;7579772-7582642,pfam00681,PLEC,660,660,0.0,18,18,Plectin repeat; Repeat_domain
chr6:clu_35453,2/2,DSP,human,no_domain_change,ENST00000379802.8,ENST00000710359.2,7578562-7579275;7581569-7582642,7578562-7579275;7580240-7582642,pfam00681,PLEC,660,660,0.0,18,18,Plectin repeat; Repeat_domain
chr10:clu_5143,1/1,TACC2,human,no_domain_change,ENST00000369005.6,XM_024447757.2,122211708-122215391,122211708-122213342;122213377-122215391,pfam05010,TACC_C,201,201,0.0,1,1,"Transforming acidic coiled-coil-containing protein, C-terminal; Transforming acidic coiled-coil-containing protein (TACC), C-terminal"
chr19:clu_21279,1/1,DNM2,human,no_domain_change,ENST00000389253.9,ENST00000957427.1,10805967-10808569;10808580-10812264,10805967-10812264,pfam00169,PH,102,102,0.0,1,1,PH domain; Pleckstrin homology domain
chr2:clu_24469,2/6,EVA1A,human,no_domain_change,ENST00000393913.8,ENST00000956455.1,75493609-75518056;75518208-75522365;75522487-75560680,75493609-75518056;75518208-75520194;75520268-75522365;75522487-75526112;75526199-75560680,pfam14851,FAM176,140,140,0.0,1,1,FAM176 family; EVA1 domain
chr2:clu_24469,3/6,EVA1A,human,no_domain_change,ENST00000393913.8,ENST00000910262.1,75493609-75518056;75518208-75522365;75522487-75560680,75493609-75518056;75518208-75569476,pfam14851,FAM176,140,140,0.0,1,1,FAM176 family; EVA1 domain
chr2:clu_24469,5/6,EVA1A,human,no_domain_change,ENST00000393913.8,ENST00000233712.5,75493609-75518056;75518208-75522365;75522487-75560680,75493609-75518056;75518208-75522365;75522487-75569476,pfam14851,FAM176,140,140,0.0,1,1,FAM176 family; EVA1 domain
chr22:clu_28139,2/3,FBLN1,human,no_domain_change,ENST00000327858.11,ENST00000402984.7,45550615-45574511,45550615-45562912,pfam12662,cEGF,25,25,0.0,1,1,Complement Clr-like EGF domain; Complement Clr-like EGF-like
chr22:clu_28139,3/3,FBLN1,human,no_domain_change,ENST00000327858.11,ENST00000442170.6,45550615-45574511,45550615-45564884,pfam07645,EGF_CA,35,35,0.0,1,1,Calcium-binding EGF domain; NOTCH1 EGF-like calcium-binding domain
chr22:clu_28139,3/3,FBLN1,human,no_domain_change,ENST00000327858.11,ENST00000442170.6,45550615-45574511,45550615-45564884,pfam12662,cEGF,25,25,0.0,1,1,Complement Clr-like EGF domain; Complement Clr-like EGF-like
chr2:clu_24784,3/3,LIMS2,human,no_domain_change,ENST00000355119.9,ENST00000409808.6,127643072-127654424;127654896-127657403;127657562-127675014,127643072-127654424;127654896-127657403;127657562-127673678;127673743-127674314,pfam00412,LIM,165,165,0.0,3,3,"Zinc finger, LIM-type; LIM domain; Zinc-binding domain present in Lin-11, Isl-1, Mec-3"
chr10:clu_5883,2/5,MRPL43,human,no_domain_change,ENST00000318364.13,ENST00000448244.5,100986975-100987090;100987196-100987313,100983817-100984034;100984074-100986749;100986975-100987090;100987196-100987313,pfam05047,L51_S25_CI-B8,51,51,0.0,1,1,Mitochondrial ribosomal protein L51 / S25 / CI-B8 domain; Ribosomal protein/NADH dehydrogenase domain
chr10:clu_5883,3/5,MRPL43,human,no_domain_change,ENST00000318364.13,ENST00000318325.6,100986975-100987090;100987196-100987313,100983817-100986749;100986975-100987090;100987196-100987313,pfam05047,L51_S25_CI-B8,51,51,0.0,1,1,Mitochondrial ribosomal protein L51 / S25 / CI-B8 domain; Ribosomal protein/NADH dehydrogenase domain
chr10:clu_5883,4/5,MRPL43,human,no_domain_change,ENST00000318364.13,ENST00000370236.5,100986975-100987090;100987196-100987313,100986572-100986687;100986975-100987090;100987196-100987313,pfam05047,L51_S25_CI-B8,51,51,0.0,1,1,Mitochondrial ribosomal protein L51 / S25 / CI-B8 domain; Ribosomal protein/NADH dehydrogenase domain
chr10:clu_5883,5/5,MRPL43,human,no_domain_change,ENST00000318364.13,ENST00000370234.4,100986975-100987090;100987196-100987313,100986572-100986749;100986975-100987090;100987196-100987313,pfam05047,L51_S25_CI-B8,51,51,0.0,1,1,Mitochondrial ribosomal protein L51 / S25 / CI-B8 domain; Ribosomal protein/NADH dehydrogenase domain
chr5:clu_33577:DAB2,2/2,DAB2,human,no_domains_in_region,ENST00000320816.11,ENST00000511792.5,39394421-39424804,39394421-39462078,,,,,,,,
chrX:clu_43219,1/7,FAM156A,human,no_domains_in_region,ENST00000622447.5,ENST00000919362.1,52948705-52955154;52955246-52956273,52948705-52956273;52956346-52958624,,,,,,,,
chrX:clu_43219,2/7,FAM156A,human,no_domains_in_region,ENST00000622447.5,ENST00000956887.1,52948705-52955154;52955246-52956273,52948705-52956273;52956755-52964084,,,,,,,,
chrX:clu_43219,3/7,FAM156A,human,no_domains_in_region,ENST00000622447.5,ENST00000910139.1,52948705-52955154;52955246-52956273,52948705-52964084,,,,,,,,
chrX:clu_43219,4/7,FAM156A,human,no_domains_in_region,ENST00000622447.5,ENST00000622197.5,52948705-52955154;52955246-52956273,52948705-52955154;52955243-52956273;52956346-52957088,,,,,,,,
chrX:clu_43219,5/7,FAM156A,human,no_domains_in_region,ENST00000622447.5,ENST00000623782.3,52948705-52955154;52955246-52956273,52948705-52955154;52955243-52956273;52956346-52964084,,,,,,,,
chrX:clu_43219,6/7,FAM156A,human,no_domains_in_region,ENST00000622447.5,ENST00000956886.1,52948705-52955154;52955246-52956273,52948705-52955154;52955246-52964084,,,,,,,,
chrX:clu_43219,7/7,FAM156A,human,no_domains_in_region,ENST00000622447.5,ENST00000619518.5,52948705-52955154;52955246-52956273,52948705-52955154;52955246-52956273;52956346-52958405,,,,,,,,
chr5:clu_34236,1/2,HNRNPH1,human,no_domains_in_region,ENST00000393432.9,ENST00000857814.1,179616218-179616869,179616218-179616899,,,,,,,,
chr5:clu_34236,2/2,HNRNPH1,human,no_domains_in_region,ENST00000393432.9,NM_001364232.2,179616218-179616869,179616218-179617021,,,,,,,,
chr11:clu_6649,1/1,BAD,human,no_domains_in_region,ENST00000309032.8,ENST00000394531.3,64271803-64284182,64271803-64276904;64277043-64284182,,,,,,,,
chr5:clu_34097,1/3,CSF1R,human,no_domains_in_region,ENST00000675795.1,NM_001375321.1,150081024-150086379,150081024-150113261,,,,,,,,
chr5:clu_34097,2/3,CSF1R,human,no_domains_in_region,ENST00000675795.1,NM_001375320.1,150081024-150086379,150081024-150086379;150086607-150091457;150091561-150113261,,,,,,,,
chr5:clu_34097,3/3,CSF1R,human,no_domains_in_region,ENST00000675795.1,ENST00000286301.7,150081024-150086379,150081024-150086379;150086607-150113261,,,,,,,,
chr2:clu_24973,1/1,COBLL1,human,no_domains_in_region,ENST00000652658.2,NM_001365671.1,164686032-164692221,164665901-164692221,,,,,,,,
chr17:clu_18019,1/1,MPRIP,human,no_domains_in_region,ENST00000651222.2,ENST00000414263.5,17180088-17184823,17180088-17180607;17180669-17184823,,,,,,,,
chr13:clu_10637,1/1,PSPC1,human,no_domains_in_region,ENST00000338910.9,ENST00000492741.5,19703360-19705662;19705831-19709542;19709599-19730239,19677823-19730239,,,,,,,,
chr11:clu_6577:SYT7,1/3,SYT7,human,no_domains_in_region,ENST00000539008.6,XM_011545340.3,61542579-61546031;61546255-61547177;61547308-61551384;61551463-61556104;61556207-61580790,61533124-61546031;61546255-61551384;61551463-61556104,,,,,,,,
chr11:clu_6577:SYT7,2/3,SYT7,human,no_domains_in_region,ENST00000539008.6,XM_011545341.3,61542579-61546031;61546255-61547177;61547308-61551384;61551463-61556104;61556207-61580790,61533124-61547177;61547308-61551384;61551463-61556104,,,,,,,,
chr11:clu_6577:SYT7,3/3,SYT7,human,no_domains_in_region,ENST00000539008.6,XM_011545343.3,61542579-61546031;61546255-61547177;61547308-61551384;61551463-61556104;61556207-61580790,61533124-61551384;61551463-61556104,,,,,,,,
chr17:clu_18546,1/2,LUC7L3,human,no_domains_in_region,ENST00000505658.6,ENST00000508045.5,50737026-50740306,50737026-50737287;50737479-50738137;50738199-50740306,,,,,,,,
chr17:clu_18546,2/2,LUC7L3,human,no_domains_in_region,ENST00000505658.6,ENST00000509335.5,50737026-50740306,50737026-50737287;50737479-50740306,,,,,,,,
chr5:clu_34277,1/1,FLT4,human,no_domains_in_region,ENST00000261937.11,XM_017009266.2,180603390-180608968,180608284-180608968,,,,,,,,
chr13:clu_10935,1/2,EDNRB,human,no_domains_in_region,ENST00000646607.2,ENST00000377211.8,77903607-77918091,77903607-77918091;77918624-77919397,,,,,,,,
chr13:clu_10935,2/2,EDNRB,human,no_domains_in_region,ENST00000646607.2,ENST00000646948.1,77903607-77918091,77903607-77918091;77918624-77975347,,,,,,,,
chr11:clu_6356,1/1,EIF4G2,human,no_domains_in_region,ENST00000339995.11,ENST00000396525.7,10801087-10801661;10801774-10802049,10801087-10802049,,,,,,,,
chr10:clu_5774,1/1,MYOF,human,no_domains_in_region,ENST00000359263.9,ENST00000941955.1,93340164-93343856,93340164-93341913;93341969-93343856,,,,,,,,
chr21:clu_27066,1/1,NDUFV3,human,no_domains_in_region,ENST00000354250.7,ENST00000340344.4,42893381-42896927;42897047-42903182;42904276-42908864,42893381-42896927;42897047-42908864,,,,,,,,
chr19:clu_20923,1/1,RDH13,human,no_domains_in_region,ENST00000415061.8,ENST00000592573.1,55047488-55048329,55047488-55048046;55048257-55048329,,,,,,,,
chr19:clu_21271,1/1,SLC44A2,human,no_domains_in_region,ENST00000335757.10,XM_047439113.1,10625670-10626253,10602561-10626253,,,,,,,,
chr2:clu_25087,1/7,TFPI,human,no_domains_in_region,ENST00000233156.9,XM_047445617.1,187503770-187554200,187503770-187513616;187513646-187520542;187520618-187529364,,,,,,,,
chr2:clu_25087,2/7,TFPI,human,no_domains_in_region,ENST00000233156.9,ENST00000897906.1,187503770-187554200,187503770-187513616;187513646-187520542;187520618-187554200,,,,,,,,
chr2:clu_25087,3/7,TFPI,human,no_domains_in_region,ENST00000233156.9,NM_001329239.2,187503770-187554200,187503770-187513616;187513646-187529364;187529485-187554200,,,,,,,,
chr2:clu_25087,4/7,TFPI,human,no_domains_in_region,ENST00000233156.9,ENST00000409676.5,187503770-187554200,187503770-187513616;187513646-187554200,,,,,,,,
chr2:clu_25087,5/7,TFPI,human,no_domains_in_region,ENST00000233156.9,ENST00000897901.1,187503770-187554200,187503770-187520542;187520618-187554200,,,,,,,,
chr2:clu_25087,6/7,TFPI,human,no_domains_in_region,ENST00000233156.9,ENST00000897919.1,187503770-187554200,187503770-187520542;187529485-187554200,,,,,,,,
chr2:clu_25087,7/7,TFPI,human,no_domains_in_region,ENST00000233156.9,ENST00000938021.1,187503770-187554200,187503770-187529364;187529485-187554200,,,,,,,,
chr19:clu_22095,1/1,RPL13A,human,no_domains_in_region,ENST00000391857.9,ENST00000679106.1,49491547-49491729,49491547-49491729;49491547-49491731,,,,,,,,
chr10:clu_6057,1/2,ADAM12,human,no_domains_in_region,ENST00000448723.2,ENST00000368676.8,126039429-126043040,126042235-126043040,,,,,,,,
chr10:clu_6057,2/2,ADAM12,human,no_domains_in_region,ENST00000448723.2,NM_001288974.2,126039429-126043040,126042241-126043040,,,,,,,,
chr6:clu_35623,1/2,DDR1,human,no_domains_in_region,ENST00000376568.8,ENST00000908930.1,30884710-30888688,30883165-30888688,,,,,,,,
chr6:clu_35623,2/2,DDR1,human,no_domains_in_region,ENST00000376568.8,NM_001387895.1,30884710-30888688,30884145-30884538;30884710-30885625;30885680-30888688,,,,,,,,
chr12:clu_8932,1/1,MYL6,human,no_domains_in_region,ENST00000550697.6,ENST00000549566.5,56160320-56160626;56160670-56161387,56160320-56161387,,,,,,,,
chr12:clu_9620,1/1,M6PR,human,no_domains_in_region,ENST00000000412.8,ENST00000539143.5,8941940-8942416,8940869-8942416,,,,,,,,
chr3:clu_30443,1/3,MME,human,no_domains_in_region,ENST00000360490.7,ENST00000492661.5,155080466-155084158,155024324-155084158,,,,,,,,
chr3:clu_30443,2/3,MME,human,no_domains_in_region,ENST00000360490.7,ENST00000460393.6,155080466-155084158,155079756-155084158,,,,,,,,
chr3:clu_30443,3/3,MME,human,no_domains_in_region,ENST00000360490.7,ENST00000615825.2,155080466-155084158,155080001-155084158,,,,,,,,
chr14:clu_12418,1/1,NIN,human,no_domains_in_region,ENST00000530997.7,XM_047431440.1,50754867-50756492;50758630-50759857,50754867-50759857,,,,,,,,
chr21:clu_27039,1/1,FAM3B,human,no_domains_in_region,ENST00000357985.7,ENST00000398647.7,41316898-41322923;41323066-41338378,41316898-41338378,,,,,,,,
chr15:clu_13212,1/3,TPM1,human,no_domains_in_region,ENST00000403994.9,NM_001407323.1,63042943-63044027;63044152-63056985,63042943-63043706;63043831-63044027;63044152-63056985,,,,,,,,
chr15:clu_13212,2/3,TPM1,human,no_domains_in_region,ENST00000403994.9,ENST00000893959.1,63042943-63044027;63044152-63056985,63042943-63043706;63043831-63056985,,,,,,,,
chr15:clu_13212,3/3,TPM1,human,no_domains_in_region,ENST00000403994.9,NM_001407341.1,63042943-63044027;63044152-63056985,63048707-63056985,,,,,,,,
chr9:clu_41329,1/1,PLIN2,human,no_domains_in_region,ENST00000276914.7,ENST00000380465.7,19121165-19123565,19123476-19123565,,,,,,,,
chr19:clu_20922,2/3,RDH13,human,no_domains_in_region,ENST00000415061.8,XM_011526408.4,55045309-55047387,55042136-55047387,,,,,,,,
chr19:clu_20922,3/3,RDH13,human,no_domains_in_region,ENST00000415061.8,ENST00000291892.10,55045309-55047387,55045309-55047105,,,,,,,,
chr12:clu_10563,1/2,SCARB1,human,no_domains_in_region,ENST00000261693.11,ENST00000339570.9,124778586-124782683;124782811-124786357,124778586-124786357,,,,,,,,
chr12:clu_10563,2/2,SCARB1,human,no_domains_in_region,ENST00000261693.11,ENST00000964691.1,124778586-124782683;124782811-124786357,124782811-124786441,,,,,,,,
chr16:clu_15324,1/3,HSD17B2,human,no_domains_in_region,ENST00000199936.9,ENST00000566213.1,82035689-82068170;82068382-82070942;82071127-82090902;82091039-82098075,82035689-82070942,,,,,,,,
chr16:clu_15324,2/3,HSD17B2,human,no_domains_in_region,ENST00000199936.9,XM_047434049.1,82035689-82068170;82068382-82070942;82071127-82090902;82091039-82098075,82035689-82068170;82068382-82070942;82071127-82090165,,,,,,,,
chr16:clu_15324,3/3,HSD17B2,human,no_domains_in_region,ENST00000199936.9,ENST00000891336.1,82035689-82068170;82068382-82070942;82071127-82090902;82091039-82098075,82035689-82068170;82068382-82070942;82071127-82098075,,,,,,,,
chr16:clu_16141,1/1,ESRP2,human,no_domains_in_region,ENST00000473183.7,ENST00000566774.1,68232288-68232371;68232503-68232577,68232288-68232577,,,,,,,,
chr2:clu_23860,1/3,LRRFIP1,human,no_domains_in_region,ENST00000308482.14,XM_047446293.1,237760205-237769943;237769992-237772081;237772198-237772866,237760205-237762603,,,,,,,,
